way_id,maxspeed:motorcycle
316669007,70
266287159,70
1328059146,70
1328059147,70
322597488,70
982404935,70
1028862032,70
1369865962,70
1031651004,70
317151291,70
1369865964,70
219616797,70
1276741647,70
1409133509,70
1009630344,70
146027765,70
1414406197,70
818024572,70
1414406195,70
1409133504,70
732981697,70
1109981037,70
235797240,70
1409448597,70
26163073,70
1127485830,70
498383114,70
1162013334,70
1258511994,70
1025521709,70
1127485831,70
1147269803,70
1031651012,70
232597548,70
970262423,70
311770720,70
498383111,70
970262415,70
1167643449,70
732981695,70
1409448603,70
219617009,70
1147269805,70
1488670801,70
1414406192,70
1414406191,70
1409430362,70
1409430359,70
1409455176,70
1409430364,70
1409455172,70
1409448596,70
1276741649,70
1258511993,70
1334478404,70
1028865634,70
1031651011,70
61438703,70
1227100340,70
1031651009,70
1419993184,70
1409455174,70
1419993185,70
975697055,70
1276741648,70
219617006,70
1227100337,70
971104894,70
975697054,70
61438707,70
219616785,70
1006918775,70
1006918776,70
1127485832,70
146027752,70
219616796,70
266287158,70
266287157,70
1025521711,70
498383112,70
498383113,70
1121725146,70
975676263,70
1488670803,70
1167643448,70
1028865632,70
1028865633,70
1028865635,70